<XML>
	<inputs>
		<team key="RedTeam">
			<label>Red team number</label>
		</team>
		<int key="RedCorner">
			<label>Red team's starting corner</label>
		</int>
		<team key="GreenTeam">
			<label>Green team number</label>
		</team>
		<int key="GreenCorner">
			<label>Green team's starting corner</label>
		</int>
		<int key="OG">
			<label>Color of green opponent flag</label>
		</int>
		<int key="OR">
			<label>Color of red opponent flag</label>
		</int>
		<coordinate keyx="Red_LL_x" keyy="Red_LL_y">
			<label>Lower left hand corner of Red Zone</label>
		</coordinate>
		<coordinate keyx="Red_UR_x" keyy="Red_UR_y">
			<label>Upper right hand corner of Red Zone</label>
		</coordinate>
		<coordinate keyx="Green_LL_x" keyy="Green_LL_y">
			<label>Lower left hand corner of Green Zone</label>
		</coordinate>
		<coordinate keyx="Green_UR_x" keyy="Green_UR_y">
			<label>Upper right hand corner of Green Zone</label>
		</coordinate>
		<coordinate keyx="ZC_R_x" keyy="ZC_R_y">
			<label>Red Zone zip line endpoint</label>
		</coordinate>
		<coordinate keyx="ZO_R_x" keyy="ZO_R_y">
			<label>Red Zone zip line other</label>
		</coordinate>
		<coordinate keyx="ZC_G_x" keyy="ZC_G_y">
			<label>Green Zone zip line endpoint</label>
		</coordinate>
		<coordinate keyx="ZO_G_x" keyy="ZO_G_y">
			<label>Green Zone zip line other</label>
		</coordinate>
		<coordinate keyx="SH_LL_x" keyy="SH_LL_y">
			<label>Lower left hand corner of horizontal shallow water zone</label>
		</coordinate>
		<coordinate keyx="SH_UR_x" keyy="SH_UR_y">
			<label>Upper right hand corner of horizontal shallow water zone</label>
		</coordinate>
		<coordinate keyx="SV_LL_x" keyy="SV_LL_y">
			<label>Lower left hand corner of vertical shallow water zone</label>
		</coordinate>
		<coordinate keyx="SV_UR_x" keyy="SV_UR_y">
			<label>Upper right hand corner of vertical shallow water zone</label>
		</coordinate>
		<coordinate keyx="SR_LL_x" keyy="SR_LL_y">
			<label>Lower left hand corner of search region in Red Zone</label>
		</coordinate>
		<coordinate keyx="SR_UR_x" keyy="SR_UR_y">
			<label>Upper right hand corner of search region in Red Zone</label>
		</coordinate>
		<coordinate keyx="SG_LL_x" keyy="SG_LL_y">
			<label>Lower left hand corner of search region in Green Zone</label>
		</coordinate>
		<coordinate keyx="SG_UR_x" keyy="SG_UR_y">
			<label>Upper right hand corner of search region in Green Zone</label>
		</coordinate>

	</inputs>
</XML>
